BS, time
8,1.350748e+00
16,1.352845e+00
32,1.353319e+00
64,1.354624e+00
128,1.356534e+00
256,1.360121e+00
512,1.357612e+00
1024,1.359167e+00
