N,serial,parallel
16,2.000000e-06,1.490000e-04
32,7.000000e-06,3.050000e-04
64,1.900000e-05,6.120000e-04
128,2.050000e-04,1.261000e-03
256,7.860000e-04,2.802000e-03
512,9.322000e-03,7.389000e-03
1024,4.528700e-02,2.520000e-04
2048,4.278590e-01,5.120000e-04
4096,6.925184e+00,1.344415e+00
