case,time
16,1.010600e-02
64,3.904900e-02
8,5.374000e-03
serial,4.250000e-04
32,1.963300e-02
2,1.534000e-03
4,2.354000e-03
128,7.840200e-02
