case,time
128,1.870727e+00
32,1.076198e+00
4,1.440192e+00
16,1.031494e+00
2,2.898625e+00
8,1.601323e+00
serial,3.165064e+00
64,1.607776e+00
