case,time
128,9.854913e+00
32,1.007951e+01
4,1.469472e+01
16,8.348744e+00
2,2.272370e+01
8,8.843393e+00
serial,2.648895e+01
64,7.702307e+00
