case,time
128,7.438570e-01
32,2.534640e-01
4,1.134270e-01
16,2.064900e-01
2,1.863360e-01
8,1.763960e-01
serial,2.523770e-01
64,3.619410e-01
