case,time
2,3.740000e-04
4,5.670000e-04
serial,6.000000e-06
8,9.900000e-04
