case,time
128,3.275830e-01
32,8.809600e-02
4,1.938600e-02
16,5.253300e-02
2,2.484900e-02
8,4.224600e-02
serial,3.257000e-02
64,1.533150e-01
