case,time
2,2.850000e-04
4,3.860000e-04
serial,3.000000e-06
8,7.930000e-04
